{"loss": 1.3369752733330977, "_timestamp": 1710108708.818909, "_runtime": 2.4373178482055664, "_step": 0, "_wandb": {"runtime": 0}}