{"loss": 0.003458041682422749, "_timestamp": 1710109227.3544397, "_runtime": 39.60370373725891, "_step": 89, "val_acc": 1.0, "val_ROC_AUC_ovr": 1.0, "val_ROC_AUC_ovo": 1.0, "ROC_table": {"_type": "table-file", "sha256": "560020cb43a821b999d3682b4ec57865aae04d7528e8d914da38f595f26ea6f9", "size": 253, "artifact_path": "wandb-client-artifact://5gb6rako4a14z34haugjgz6k78j4xfc8ndejiggee3fakdegmdstrgfhpmw0j0abt20c5x2g0ke5wmvgqp5stglbtmme0jym70v29pk8x1isb372nrr69i0m6protejw:latest/ROC_table.table.json", "_latest_artifact_path": "wandb-client-artifact://5gb6rako4a14z34haugjgz6k78j4xfc8ndejiggee3fakdegmdstrgfhpmw0j0abt20c5x2g0ke5wmvgqp5stglbtmme0jym70v29pk8x1isb372nrr69i0m6protejw:latest/ROC_table.table.json", "path": "media/table/ROC_table_89_560020cb43a821b999d3.table.json", "ncols": 3, "nrows": 12}, "_wandb": {"runtime": 38}}