{"loss": 1.3980495270929838, "_timestamp": 1710108872.9822268, "_runtime": 2.5909078121185303, "_step": 1, "val_acc": 0.46, "val_ROC_AUC_ovr": 0.6948666666666666, "val_ROC_AUC_ovo": 0.6948666666666666, "_wandb": {"runtime": 0}}