{"loss": 1.4071438563497443, "_timestamp": 1710109159.39092, "_runtime": 2.119370937347412, "_step": 2, "val_acc": 0.4533333333333333, "val_ROC_AUC_ovr": 0.6889333333333334, "val_ROC_AUC_ovo": 0.6889333333333334, "ROC_table": {"_type": "table-file", "sha256": "cc80b8f85f139781164a2cd6a8da6c682bc708ac7d93f6ef98ec0ff514dc348b", "size": 3614, "artifact_path": "wandb-client-artifact://qaiwgdezn0spm0qqbwthzd36uxvtdky7lchqfbnmc2rllk35i1rhb3tvbimg357dcx7bxr3oifrfp59t8qdsld193euyzmk2m8dvkty62b25jq54rwc0xhbx9wc0z76y:latest/ROC_table.table.json", "_latest_artifact_path": "wandb-client-artifact://qaiwgdezn0spm0qqbwthzd36uxvtdky7lchqfbnmc2rllk35i1rhb3tvbimg357dcx7bxr3oifrfp59t8qdsld193euyzmk2m8dvkty62b25jq54rwc0xhbx9wc0z76y:latest/ROC_table.table.json", "path": "media/table/ROC_table_2_cc80b8f85f139781164a.table.json", "ncols": 3, "nrows": 191}, "_wandb": {"runtime": 1}}