{"loss": 1.362506888414684, "_timestamp": 1710108903.8606472, "_runtime": 2.6424672603607178, "_step": 2, "val_acc": 0.44666666666666666, "val_ROC_AUC_ovr": 0.6981333333333334, "val_ROC_AUC_ovo": 0.6981333333333333, "ROC_table": {"_type": "table-file", "sha256": "5ad1e4d79076805e3c992f822083e5cba6977a61b83b70abd3ff6d70efe1338f", "size": 3410, "artifact_path": "wandb-client-artifact://zv2pjkpnucy1dvzsnqdaenry9yuodhlggm7hiouou19fxi0f19qvzh5jkvi00h2wt6qqkh24s9e85f459adpcdqy7ezg4iq37r7y6lbzjdxob3rfsphbvb9g659arsyi:latest/ROC_table.table.json", "_latest_artifact_path": "wandb-client-artifact://zv2pjkpnucy1dvzsnqdaenry9yuodhlggm7hiouou19fxi0f19qvzh5jkvi00h2wt6qqkh24s9e85f459adpcdqy7ezg4iq37r7y6lbzjdxob3rfsphbvb9g659arsyi:latest/ROC_table.table.json", "path": "media/table/ROC_table_2_5ad1e4d79076805e3c99.table.json", "ncols": 3, "nrows": 181}, "_wandb": {"runtime": 2}}