{"acc": 0.8971431181436519, "loss": 0.09901790680710512, "_timestamp": 1710103599.4030733, "_runtime": 1.367530345916748, "_step": 7, "test_accuracy": 0.8, "_wandb": {"runtime": 0}}