{"loss": 1.3393103950902034, "_timestamp": 1710108849.1779244, "_runtime": 1.9242594242095947, "_step": 1, "val_acc": 0.38666666666666666, "val_ROC_AUC_ovr": 0.7065333333333333, "val_ROC_AUC_ovo": 0.7065333333333333, "_wandb": {"runtime": 0}}