{"acc": 0.803368365118509, "loss": 0.19959053648367325, "_timestamp": 1710102619.6382022, "_runtime": 1.82193922996521, "_step": 7, "test_accuracy": 0.8, "_wandb": {"runtime": 0}}