{"loss": 1.2063216434584723, "_timestamp": 1710108148.37068, "_runtime": 5.238197088241577, "_step": 1, "val_acc": 0.3433433433433433, "val_ROC_AUC_ovr": 0.5687639591543495, "val_ROC_AUC_ovo": 0.5687639591543495, "_wandb": {"runtime": 3}}