{"acc": 0.8047144065058255, "loss": 0.17874327151213346, "_timestamp": 1710102410.6611001, "_runtime": 0.9538440704345703, "_step": 7, "_wandb": {"runtime": 0}}