{"loss": 1.4266803578326577, "_timestamp": 1710109107.9333827, "_runtime": 2.4231317043304443, "_step": 2, "val_acc": 0.4533333333333333, "val_ROC_AUC_ovr": 0.7162666666666667, "val_ROC_AUC_ovo": 0.7162666666666665, "ROC_table": {"_type": "table-file", "sha256": "ce1a5ec8f72f7b2edce89991c9914ba9ee1ad5f8975f0e815998dba2429bd1b1", "size": 3682, "artifact_path": "wandb-client-artifact://qstuoujdwl4vs7qeb4gggympkrqk0o80wh3lm74gbjfb9zfdkbyk4u03ey0poktoh73xmcxsal1cx95464j6lrd60unq6jlqgltoe7pwsly4bn12k07nbaum5tnn8c52:latest/ROC_table.table.json", "_latest_artifact_path": "wandb-client-artifact://qstuoujdwl4vs7qeb4gggympkrqk0o80wh3lm74gbjfb9zfdkbyk4u03ey0poktoh73xmcxsal1cx95464j6lrd60unq6jlqgltoe7pwsly4bn12k07nbaum5tnn8c52:latest/ROC_table.table.json", "path": "media/table/ROC_table_2_ce1a5ec8f72f7b2edce8.table.json", "ncols": 3, "nrows": 195}, "_wandb": {"runtime": 1}}