{"loss": 1.3407241200145923, "_timestamp": 1710108617.0576222, "_runtime": 4.636752128601074, "_step": 1, "val_acc": 0.47333333333333333, "val_ROC_AUC_ovr": 0.7158000000000001, "val_ROC_AUC_ovo": 0.7158000000000001, "_wandb": {"runtime": 5}}