{"acc": 0.7144099384521092, "loss": 0.2665956738628669, "_timestamp": 1710102416.4339032, "_runtime": 1.924464225769043, "_step": 7, "_wandb": {"runtime": 0}}