{"acc": 0.7751518142195275, "loss": 0.2316117831113204, "_timestamp": 1710102422.1054692, "_runtime": 1.7937371730804443, "_step": 7, "_wandb": {"runtime": 0}}