{"acc": 0.843215615268679, "loss": 0.1863790888918207, "_timestamp": 1710102434.09737, "_runtime": 1.9857699871063232, "_step": 7, "_wandb": {"runtime": 0}}