{"acc": 0.9476631189986537, "loss": 0.10719916916239544, "_timestamp": 1710102608.2237403, "_runtime": 4.229794263839722, "_step": 7, "_wandb": {"runtime": 0}}