{"acc": 0.8762022732719085, "loss": 0.1357751320074821, "_timestamp": 1710104038.215797, "_runtime": 2.0935769081115723, "_step": 7, "test_accuracy": 0.8, "_wandb": {"runtime": 1}}