{"acc": 0.8842686988026528, "loss": 0.11374510908216665, "_timestamp": 1710102613.995691, "_runtime": 1.8943071365356445, "_step": 7, "_wandb": {"runtime": 0}}