{"loss": 1.238177174016049, "_timestamp": 1710109028.2943068, "_runtime": 2.410449743270874, "_step": 2, "val_acc": 0.4, "val_ROC_AUC_ovr": 0.6990666666666666, "val_ROC_AUC_ovo": 0.6990666666666666, "ROC_table": {"_type": "table-file", "sha256": "3b5049f687904af0fd1c71382ec70a8694d8557875b82b6dc79f83fcc371d503", "size": 3334, "artifact_path": "wandb-client-artifact://u50pejiinpp1q61u63ds8pxmbst31mxdbngttrmx6i8x3jb693djzjfzhoe76hx6m9mwdwyoc199bezat1tdwtmn1ioe1kt92wsoy9l5jsifwrqpg1erfebl1qvztoqe:latest/ROC_table.table.json", "_latest_artifact_path": "wandb-client-artifact://u50pejiinpp1q61u63ds8pxmbst31mxdbngttrmx6i8x3jb693djzjfzhoe76hx6m9mwdwyoc199bezat1tdwtmn1ioe1kt92wsoy9l5jsifwrqpg1erfebl1qvztoqe:latest/ROC_table.table.json", "path": "media/table/ROC_table_2_3b5049f687904af0fd1c.table.json", "ncols": 3, "nrows": 176}, "_wandb": {"runtime": 1}}