{"loss": 1.2690086113779169, "_timestamp": 1710108824.580495, "_runtime": 1.8596341609954834, "_step": 1, "val_acc": 0.4, "val_ROC_AUC_ovr": 0.6700666666666667, "val_ROC_AUC_ovo": 0.6700666666666667, "_wandb": {"runtime": 1}}