{"acc": 0.7673547186353373, "loss": 0.2076921699587542, "_timestamp": 1710102238.3593097, "_runtime": 3.1077306270599365, "_step": 7, "_wandb": {"runtime": 2}}