{"acc": 0.8007126060027809, "loss": 0.19452845810743502, "_timestamp": 1710102600.0901146, "_runtime": 2.002650499343872, "_step": 7, "_wandb": {"runtime": 0}}