{"acc": 0.7166756535496142, "loss": 0.26946548246952834, "_timestamp": 1710103903.8337374, "_runtime": 1.4602904319763184, "_step": 7, "test_accuracy": 0.8, "_wandb": {"runtime": 0}}