{"acc": 0.7942206895023314, "loss": 0.25519049892437207, "_timestamp": 1710103044.4372747, "_runtime": 2.241978645324707, "_step": 7, "test_accuracy": 0.8, "_wandb": {"runtime": 0}}