{"acc": 0.7449452956877706, "loss": 0.2018275317214206, "_timestamp": 1710102428.0578964, "_runtime": 1.9753124713897705, "_step": 7, "_wandb": {"runtime": 0}}