{"acc": 0.8529762604758662, "loss": 0.15993784304121367, "_timestamp": 1710102594.204051, "_runtime": 0.8922169208526611, "_step": 7, "_wandb": {"runtime": 0}}