{"loss": 1.0374186672861614, "_timestamp": 1710108107.5094092, "_runtime": 309.4660301208496, "_step": 14, "val_acc": 0.3383383383383383, "val_ROC_AUC_ovr": 0.5613263413563714, "val_ROC_AUC_ovo": 0.5613263413563714, "_wandb": {"runtime": 338}}